{
  "project_info": {
    "project_number": "246105867232",
    "firebase_url": "https://flashchat-b073d.firebaseio.com",
    "project_id": "flashchat-b073d",
    "storage_bucket": "flashchat-b073d.appspot.com"
  },
  "client": [
    {
      "client_info": {
        "mobilesdk_app_id": "1:246105867232:android:e16737d68c2e0e3d976185",
        "android_client_info": {
          "package_name": "com.pranavajitnair.flashchatnewfirebase"
        }
      },
      "oauth_client": [
        {
          "client_id": "246105867232-66c5ti2q42pqrsr2m4cvvjfp8lo4dkn9.apps.googleusercontent.com",
          "client_type": 3
        }
      ],
      "api_key": [
        {
          "current_key": "AIzaSyDYekXGqTJELIJSkx_uMahy4zOBlytmNac"
        }
      ],
      "services": {
        "appinvite_service": {
          "other_platform_oauth_client": [
            {
              "client_id": "246105867232-66c5ti2q42pqrsr2m4cvvjfp8lo4dkn9.apps.googleusercontent.com",
              "client_type": 3
            }
          ]
        }
      }
    }
  ],
  "configuration_version": "1"
}